{"cameraMode":{"drawMode":0,"name":"Shaded","section":"Shading Mode"},"sceneLighting":false,"audioPlay":false,"sceneViewState":{"m_AlwaysRefresh":false,"showFog":true,"showSkybox":false,"showFlares":true,"showImageEffects":true,"showParticleSystems":true,"showVisualEffectGraphs":true,"m_FxEnabled":true},"in2DMode":false,"pivot":{"x":0.13827306032180787,"y":-0.0719183087348938,"z":1.5353758335113526},"rotation":{"x":-0.0013434747233986855,"y":-0.9985784888267517,"z":0.04346557334065437,"w":-0.03087390400469303},"size":1.887941598892212,"orthographic":false}